{
  "items": [
    {
      "id": 0,
      "itemCode": "108SRLA001",
      "itemBarcode": "108SRLA001",
      "itemName": "Item 1",
      "itemQtyOnhand": 100.0,
      "itemCateg": "Raw Material",
      "itemDesc": "Item 1 Desc",
      "locationId": 0
    },
    {
      "id": 1,
      "itemCode": "108SRLA002",
      "itemBarcode": "108SRLA002",
      "itemName": "Item 2",
      "itemQtyOnhand": 100.0,
      "itemCateg": "Finish Good",
      "itemDesc": "Item 2 Desc",
      "locationId": 1
    },
    {
      "id": 2,
      "itemCode": "108SRLA003",
      "itemBarcode": "108SRLA003",
      "itemName": "Item 2",
      "itemQtyOnhand": 238.0,
      "itemCateg": "Packaging",
      "itemDesc": "Item 2 Desc",
      "locationId": 0
    },
    {
      "id": 3,
      "itemCode": "108SRLA004",
      "itemBarcode": "108SRLA004",
      "itemName": "Item 3",
      "itemQtyOnhand": 50.0,
      "itemCateg": "Bluk",
      "itemDesc": "Item 3 Desc",
      "locationId": 2
    }
  ],
  "requisition": [
    {
      "id": 0,
      "req_code": "REQ20090001",
      "req_contact": "ตุลาการ",
      "req_date": null,
      "req_to": 1,
      "req_desc": "เบิก",
      "req_item_type": 0,
      "req_note": "โน้ต",
      "req_step": 4,
      "req_item_line": [
        {
          "id": 0,
          "item_name": "line 1",
          "item_qty": 0.0001,
          "item_lot": 2,
          "item_qty_done": 0,
          "item_unit": "unit"
        },
        {
          "id": 1,
          "item_name": "line 2",
          "item_qty": 20.0,
          "item_lot": 5,
          "item_qty_done": 0,
          "item_unit": "unit"
        },
        {
          "id": 2,
          "item_name": "line 3",
          "item_qty": 12.0,
          "item_lot": 3,
          "item_qty_done": 0,
          "item_unit": "unit"
        }
      ]
    },
    {
      "id": 1,
      "req_code": "REQ20090002",
      "req_contact": "กิตติกานต์",
      "req_date": "2020-09-20",
      "req_to": 3,
      "req_desc": "เบิก2",
      "req_item_type": 0,
      "req_note": "โน้ต2",
      "req_step": 1,
      "req_item_line": [
        {
          "id": 0,
          "item_name": "line 1",
          "item_qty": 99.0001,
          "item_lot": 2,
          "item_qty_done": 0,
          "item_unit": "unit"
        },
        {
          "id": 1,
          "item_name": "line 2",
          "item_qty": 20.0,
          "item_lot": 5,
          "item_qty_done": 0,
          "item_unit": "unit"
        },
        {
          "id": 2,
          "item_name": "line 3",
          "item_qty": 12.0,
          "item_lot": 3,
          "item_qty_done": 0,
          "item_unit": "unit"
        }
      ]
    }
  ],
  "projects": [
    {
      "id": 0,
      "name": "Inventory",
      "menu": [
        {
          "id": 0,
          "project_id": 0,
          "name": "Operations",
          "menu_level": 1,
          "sort": 0,
          "submenu": [
            {
              "id": 0,
              "menu_parent_id": 0,
              "project_id": 0,
              "name": "Requisition",
              "sort": 0
            },
            {
              "id": 1,
              "menu_parent_id": 0,
              "project_id": 0,
              "name": "Receive",
              "sort": 1
            }
          ]
        },
        {
          "id": 1,
          "project_id": 0,
          "name": "Master Data",
          "menu_level": 1,
          "sort": 1,
          "submenu": [
            {
              "id": 0,
              "menu_parent_id": 1,
              "project_id": 0,
              "name": "Items",
              "sort": 0
            }
          ]
        }
      ]
    }
  ],
  "type": [
    {
      "No": 1,
      "type_name": "test name",
      "type_no": "tens-01",
      "qc_status": "Yes"
    },
    {
      "No": 2,
      "type_name": "test name 2",
      "type_no": "tens-02",
      "qc_status": "No"
    }
  ]
}
