{
  "_api_1": "http://192.168.5.222:3009/api/purchase/pu_recoment/list/0020123&0&0&0",
  "_api_params1_1": "searchDescription & so_delivery_date & so_delivery_date_end & mrp_trans_status_id",
  "so_search_data": [
    {
      "id": "2",
      "so_detail_delivery_date": "19/05/2023",
      "so_created": "24/04/2023",
      "so_id": 8252,
      "so_id_ref": null,
      "so_no": "0020123",
      "so_description": "SCENTIO MILK PLUS BRIGHTENING Q10 SALT SCRUB 300 g.",
      "so_no_description": "[ 0020123 ] SCENTIO MILK PLUS BRIGHTENING Q10 SALT SCRUB 300 g.",
      "so_no_mrp_no": "0020123 - MRP202304031",
      "so_no_description_mrp_no": "[ 0020123 ] SCENTIO MILK PLUS BRIGHTENING Q10 SALT SCRUB 300 g. - [ MRP202304031 ] ",
      "so_detail_id": 9286,
      "so_detail_id_ref": null,
      "mrp_created": "26/04/2023",
      "mrp_id": 1737,
      "mrp_no": "MRP202304031",
      "mrp_description": "1369615 SCENTIO MILK PLUS BRIGHTENING Q10 SALT SCRUB 300 g.",
      "item_id": 10066,
      "item_no": "C404BTCA000402",
      "item_name": "1369615 SCENTIO MILK PLUS BRIGHTENING Q10 SALT SCRUB 300 g. ",
      "item_no_name": "[ C404BTCA000402 ] 1369615 SCENTIO MILK PLUS BRIGHTENING Q10 SALT SCRUB 300 g. ",
      "mrp_qty_produce": 20000,
      "sum_tg_receive_detail_qty": null,
      "uom_no": "pcs",
      "mrp_wait_receive_qty": null,
      "mrp_trans_status_name": "กำลังผลิต",
      "mrp_trans_status_id": 2
    },
    {
      "id": "1",
      "so_detail_delivery_date": "19/05/2023",
      "so_created": "24/04/2023",
      "so_id": 8252,
      "so_id_ref": null,
      "so_no": "0020123",
      "so_description": "SCENTIO MILK PLUS BRIGHTENING Q10 SALT SCRUB 300 g.",
      "so_no_description": "[ 0020123 ] SCENTIO MILK PLUS BRIGHTENING Q10 SALT SCRUB 300 g.",
      "so_no_mrp_no": "0020123 - MRP202304028",
      "so_no_description_mrp_no": "[ 0020123 ] SCENTIO MILK PLUS BRIGHTENING Q10 SALT SCRUB 300 g. - [ MRP202304028 ] ",
      "so_detail_id": 9287,
      "so_detail_id_ref": null,
      "mrp_created": "25/04/2023",
      "mrp_id": 1734,
      "mrp_no": "MRP202304028",
      "mrp_description": "1369615 SCENTIO MILK PLUS BRIGHTENING Q10 SALT SCRUB 300 g.(ซาอุ)",
      "item_id": 10232,
      "item_no": "C404BTCA000403",
      "item_name": "1369615 SCENTIO MILK PLUS BRIGHTENING Q10 SALT SCRUB 300 g.(ซาอุ)",
      "item_no_name": "[ C404BTCA000403 ] 1369615 SCENTIO MILK PLUS BRIGHTENING Q10 SALT SCRUB 300 g.(ซาอุ)",
      "mrp_qty_produce": 14400,
      "sum_tg_receive_detail_qty": null,
      "uom_no": "pcs",
      "mrp_wait_receive_qty": null,
      "mrp_trans_status_name": "กำลังผลิต",
      "mrp_trans_status_id": 2
    }
  ],
  "mrp_status": [
    {
      "mrp_trans_status_id": 1,
      "mrp_trans_status_name": "ยังไม่ได้ผลิต"
    },
    {
      "mrp_trans_status_id": 2,
      "mrp_trans_status_name": "กำลังผลิต"
    },
    {
      "mrp_trans_status_id": 3,
      "mrp_trans_status_name": "ผลิตยังไม่ครบ"
    },
    {
      "mrp_trans_status_id": 4,
      "mrp_trans_status_name": "เสร็จสิ้น"
    }
  ],
  "_api_2": "http://192.168.5.222:3009/api/purchase/pu_recoment/list/detail/1737&0",
  "_api_params": "mrp_id & item_id",
  "so_mrp_detail": [
    {
      "id": "1",
      "so_id": 8252,
      "so_id_ref": null,
      "so_no": "0020123",
      "so_detail_id": 9286,
      "so_detail_id_ref": null,
      "mrp_id": 1737,
      "mrp_no": "MRP202304031",
      "type_id": 2,
      "type_no": "PK",
      "item_id": 8385,
      "item_no": "C214BTCC000500",
      "item_name": "P23S20163 สติ๊กเกอร์ Tag Pop up for SALT SCRUB 300 g.",
      "mrp_detail_qty_issue": 20600,
      "mrp_detail_qty_pr": 20600,
      "uom_no": "pcs",
      "max_pr_detail_due_date": null,
      "sum_pr_detail_qty": null,
      "max_po_detail_due_date": null,
      "sum_po_detail_qty": null,
      "max_receive_detail_due_date": null,
      "sum_receive_detail_qty": null,
      "wait_receive_qty": null,
      "po_detail_id": null,
      "po_detail_remark": null,
      "material_status_id": 2,
      "material_status": "รอเปิดใบสั่งซื้อ",
      "so_detail_ref": [
        {
          "id": "1",
          "so_id": 8252,
          "so_id_ref": null,
          "so_no": "0020123",
          "so_detail_id": 9286,
          "so_detail_id_ref": null,
          "mrp_id": 1737,
          "mrp_no": "MRP202304031",
          "type_id": 2,
          "type_no": "PK",
          "item_id": 8385,
          "item_no": "C214BTCC000500",
          "item_name": "P23S20163 สติ๊กเกอร์ Tag Pop up for SALT SCRUB 300 g.",
          "mrp_detail_qty_issue": 20600,
          "mrp_detail_qty_pr": 20600,
          "uom_no": "pcs",
          "pr_created": null,
          "pr_detail_due_date": null,
          "pr_id": null,
          "pr_no": null,
          "pr_detail_qty": null,
          "pr_uom_no": null,
          "pr_detail_remark": null,
          "pr_trans_status_id": null,
          "pr_trans_status_name": null,
          "po_created": null,
          "po_detail_due_date": null,
          "po_id": null,
          "po_no": null,
          "po_detail_qty": null,
          "po_uom_no": null,
          "po_detail_remark": null,
          "po_trans_status_id": null,
          "po_trans_status_name": null,
          "receive_created": null,
          "receive_detail_due_date": null,
          "sum_po_detail_qty": 0,
          "sum_tg_receive_detail_qty": null,
          "material_status": "รอเปิดใบสั่งซื้อ",
          "material_status_id": 2
        }
      ]
    },
    {
      "id": "2",
      "so_id": 8252,
      "so_id_ref": null,
      "so_no": "0020123",
      "so_detail_id": 9286,
      "so_detail_id_ref": null,
      "mrp_id": 1737,
      "mrp_no": "MRP202304031",
      "type_id": 2,
      "type_no": "PK",
      "item_id": 8386,
      "item_no": "C215BTCC000100",
      "item_name": "P23S80185 QR Code Sticker Hologram Beauty Buffet",
      "mrp_detail_qty_issue": 20600,
      "mrp_detail_qty_pr": 20600,
      "uom_no": "pcs",
      "max_pr_detail_due_date": null,
      "sum_pr_detail_qty": null,
      "max_po_detail_due_date": null,
      "sum_po_detail_qty": null,
      "max_receive_detail_due_date": null,
      "sum_receive_detail_qty": null,
      "wait_receive_qty": null,
      "po_detail_id": null,
      "po_detail_remark": null,
      "material_status_id": 2,
      "material_status": "รอเปิดใบสั่งซื้อ",
      "so_detail_ref": [
        {
          "id": "1",
          "so_id": 8252,
          "so_id_ref": null,
          "so_no": "0020123",
          "so_detail_id": 9286,
          "so_detail_id_ref": null,
          "mrp_id": 1737,
          "mrp_no": "MRP202304031",
          "type_id": 2,
          "type_no": "PK",
          "item_id": 8386,
          "item_no": "C215BTCC000100",
          "item_name": "P23S80185 QR Code Sticker Hologram Beauty Buffet",
          "mrp_detail_qty_issue": 20600,
          "mrp_detail_qty_pr": 20600,
          "uom_no": "pcs",
          "pr_created": null,
          "pr_detail_due_date": null,
          "pr_id": null,
          "pr_no": null,
          "pr_detail_qty": null,
          "pr_uom_no": null,
          "pr_detail_remark": null,
          "pr_trans_status_id": null,
          "pr_trans_status_name": null,
          "po_created": null,
          "po_detail_due_date": null,
          "po_id": null,
          "po_no": null,
          "po_detail_qty": null,
          "po_uom_no": null,
          "po_detail_remark": null,
          "po_trans_status_id": null,
          "po_trans_status_name": null,
          "receive_created": null,
          "receive_detail_due_date": null,
          "sum_po_detail_qty": 0,
          "sum_tg_receive_detail_qty": null,
          "material_status": "รอเปิดใบสั่งซื้อ",
          "material_status_id": 2
        }
      ]
    },
    {
      "id": "3",
      "so_id": 8252,
      "so_id_ref": null,
      "so_no": "0020123",
      "so_detail_id": 9286,
      "so_detail_id_ref": null,
      "mrp_id": 1737,
      "mrp_no": "MRP202304031",
      "type_id": 2,
      "type_no": "PK",
      "item_id": 8401,
      "item_no": "C212SRLA005500",
      "item_name": "Shipper Print Size ID: 266*203*220 mm. for SCENTIO MILK PLUS BRIGHTENING Q10 SALT SCRUB 300g.",
      "mrp_detail_qty_issue": 859,
      "mrp_detail_qty_pr": 859,
      "uom_no": "pcs",
      "max_pr_detail_due_date": "27/04/2023",
      "sum_pr_detail_qty": 859,
      "max_po_detail_due_date": null,
      "sum_po_detail_qty": null,
      "max_receive_detail_due_date": null,
      "sum_receive_detail_qty": null,
      "wait_receive_qty": null,
      "po_detail_id": null,
      "po_detail_remark": null,
      "material_status_id": 3,
      "material_status": "รอของเข้า",
      "so_detail_ref": [
        {
          "id": "1",
          "so_id": 8252,
          "so_id_ref": null,
          "so_no": "0020123",
          "so_detail_id": 9286,
          "so_detail_id_ref": null,
          "mrp_id": 1737,
          "mrp_no": "MRP202304031",
          "type_id": 2,
          "type_no": "PK",
          "item_id": 8401,
          "item_no": "C212SRLA005500",
          "item_name": "Shipper Print Size ID: 266*203*220 mm. for SCENTIO MILK PLUS BRIGHTENING Q10 SALT SCRUB 300g.",
          "mrp_detail_qty_issue": 859,
          "mrp_detail_qty_pr": 859,
          "uom_no": "pcs",
          "pr_created": "26/04/2023",
          "pr_detail_due_date": "27/04/2023",
          "pr_id": 14264,
          "pr_no": "PRSL2304145",
          "pr_detail_qty": 859,
          "pr_uom_no": "pcs",
          "pr_detail_remark": "MRP Vendor ",
          "pr_trans_status_id": 4,
          "pr_trans_status_name": "Complete",
          "po_created": null,
          "po_detail_due_date": null,
          "po_id": null,
          "po_no": null,
          "po_detail_qty": null,
          "po_uom_no": null,
          "po_detail_remark": null,
          "po_trans_status_id": null,
          "po_trans_status_name": null,
          "receive_created": null,
          "receive_detail_due_date": null,
          "sum_po_detail_qty": 0,
          "sum_tg_receive_detail_qty": null,
          "material_status": "รอของเข้า",
          "material_status_id": 3
        }
      ]
    },
    {
      "id": "4",
      "so_id": 8252,
      "so_id_ref": null,
      "so_no": "0020123",
      "so_detail_id": 9286,
      "so_detail_id_ref": null,
      "mrp_id": 1737,
      "mrp_no": "MRP202304031",
      "type_id": 2,
      "type_no": "PK",
      "item_id": 8402,
      "item_no": "C212SRLA005600",
      "item_name": "Set Partition Pad for SALT SCRUB 300g.",
      "mrp_detail_qty_issue": 858.3402,
      "mrp_detail_qty_pr": 803,
      "uom_no": "set",
      "max_pr_detail_due_date": "27/04/2023",
      "sum_pr_detail_qty": 859,
      "max_po_detail_due_date": null,
      "sum_po_detail_qty": null,
      "max_receive_detail_due_date": null,
      "sum_receive_detail_qty": null,
      "wait_receive_qty": null,
      "po_detail_id": null,
      "po_detail_remark": null,
      "material_status_id": 3,
      "material_status": "รอของเข้า",
      "so_detail_ref": [
        {
          "id": "1",
          "so_id": 8252,
          "so_id_ref": null,
          "so_no": "0020123",
          "so_detail_id": 9286,
          "so_detail_id_ref": null,
          "mrp_id": 1737,
          "mrp_no": "MRP202304031",
          "type_id": 2,
          "type_no": "PK",
          "item_id": 8402,
          "item_no": "C212SRLA005600",
          "item_name": "Set Partition Pad for SALT SCRUB 300g.",
          "mrp_detail_qty_issue": 858.3402,
          "mrp_detail_qty_pr": 803,
          "uom_no": "set",
          "pr_created": "26/04/2023",
          "pr_detail_due_date": "27/04/2023",
          "pr_id": 14264,
          "pr_no": "PRSL2304145",
          "pr_detail_qty": 859,
          "pr_uom_no": "set",
          "pr_detail_remark": "MRP Vendor ",
          "pr_trans_status_id": 4,
          "pr_trans_status_name": "Complete",
          "po_created": null,
          "po_detail_due_date": null,
          "po_id": null,
          "po_no": null,
          "po_detail_qty": null,
          "po_uom_no": null,
          "po_detail_remark": null,
          "po_trans_status_id": null,
          "po_trans_status_name": null,
          "receive_created": null,
          "receive_detail_due_date": null,
          "sum_po_detail_qty": 0,
          "sum_tg_receive_detail_qty": null,
          "material_status": "รอของเข้า",
          "material_status_id": 3
        }
      ]
    },
    {
      "id": "5",
      "so_id": 8252,
      "so_id_ref": null,
      "so_no": "0020123",
      "so_detail_id": 9286,
      "so_detail_id_ref": null,
      "mrp_id": 1737,
      "mrp_no": "MRP202304031",
      "type_id": 2,
      "type_no": "PK",
      "item_id": 9571,
      "item_no": "C219BTCC000101",
      "item_name": "ซองเกลือซิปล็อค พร้อมสกรีน for SCENTIO MILK PLUS BRIGHTENING Q10 SALT SCRUB ",
      "mrp_detail_qty_issue": 20600,
      "mrp_detail_qty_pr": 20600,
      "uom_no": "pcs",
      "max_pr_detail_due_date": null,
      "sum_pr_detail_qty": null,
      "max_po_detail_due_date": null,
      "sum_po_detail_qty": null,
      "max_receive_detail_due_date": null,
      "sum_receive_detail_qty": null,
      "wait_receive_qty": null,
      "po_detail_id": null,
      "po_detail_remark": null,
      "material_status_id": 2,
      "material_status": "รอเปิดใบสั่งซื้อ",
      "so_detail_ref": [
        {
          "id": "1",
          "so_id": 8252,
          "so_id_ref": null,
          "so_no": "0020123",
          "so_detail_id": 9286,
          "so_detail_id_ref": null,
          "mrp_id": 1737,
          "mrp_no": "MRP202304031",
          "type_id": 2,
          "type_no": "PK",
          "item_id": 9571,
          "item_no": "C219BTCC000101",
          "item_name": "ซองเกลือซิปล็อค พร้อมสกรีน for SCENTIO MILK PLUS BRIGHTENING Q10 SALT SCRUB ",
          "mrp_detail_qty_issue": 20600,
          "mrp_detail_qty_pr": 20600,
          "uom_no": "pcs",
          "pr_created": null,
          "pr_detail_due_date": null,
          "pr_id": null,
          "pr_no": null,
          "pr_detail_qty": null,
          "pr_uom_no": null,
          "pr_detail_remark": null,
          "pr_trans_status_id": null,
          "pr_trans_status_name": null,
          "po_created": null,
          "po_detail_due_date": null,
          "po_id": null,
          "po_no": null,
          "po_detail_qty": null,
          "po_uom_no": null,
          "po_detail_remark": null,
          "po_trans_status_id": null,
          "po_trans_status_name": null,
          "receive_created": null,
          "receive_detail_due_date": null,
          "sum_po_detail_qty": 0,
          "sum_tg_receive_detail_qty": null,
          "material_status": "รอเปิดใบสั่งซื้อ",
          "material_status_id": 2
        }
      ]
    },
    {
      "id": "6",
      "so_id": 8252,
      "so_id_ref": null,
      "so_no": "0020123",
      "so_detail_id": 9286,
      "so_detail_id_ref": null,
      "mrp_id": 1737,
      "mrp_no": "MRP202304031",
      "type_id": 3,
      "type_no": "BL",
      "item_id": 10063,
      "item_no": "C304BTCA000401",
      "item_name": "SCENTIO MILK PLUS BRIGHTENING Q10 SALT SCRUB",
      "mrp_detail_qty_issue": 5980,
      "mrp_detail_qty_pr": 5980,
      "uom_no": "kg",
      "max_pr_detail_due_date": null,
      "sum_pr_detail_qty": null,
      "max_po_detail_due_date": null,
      "sum_po_detail_qty": null,
      "max_receive_detail_due_date": null,
      "sum_receive_detail_qty": null,
      "wait_receive_qty": null,
      "po_detail_id": null,
      "po_detail_remark": null,
      "material_status_id": 2,
      "material_status": "รอเปิดใบสั่งซื้อ",
      "so_detail_ref": [
        {
          "id": "1",
          "so_id": 8252,
          "so_id_ref": null,
          "so_no": "0020123",
          "so_detail_id": 9286,
          "so_detail_id_ref": null,
          "mrp_id": 1737,
          "mrp_no": "MRP202304031",
          "type_id": 3,
          "type_no": "BL",
          "item_id": 10063,
          "item_no": "C304BTCA000401",
          "item_name": "SCENTIO MILK PLUS BRIGHTENING Q10 SALT SCRUB",
          "mrp_detail_qty_issue": 5980,
          "mrp_detail_qty_pr": 5980,
          "uom_no": "kg",
          "pr_created": null,
          "pr_detail_due_date": null,
          "pr_id": null,
          "pr_no": null,
          "pr_detail_qty": null,
          "pr_uom_no": null,
          "pr_detail_remark": null,
          "pr_trans_status_id": null,
          "pr_trans_status_name": null,
          "po_created": null,
          "po_detail_due_date": null,
          "po_id": null,
          "po_no": null,
          "po_detail_qty": null,
          "po_uom_no": null,
          "po_detail_remark": null,
          "po_trans_status_id": null,
          "po_trans_status_name": null,
          "receive_created": null,
          "receive_detail_due_date": null,
          "sum_po_detail_qty": 0,
          "sum_tg_receive_detail_qty": null,
          "material_status": "รอเปิดใบสั่งซื้อ",
          "material_status_id": 2
        }
      ]
    }
  ]
}
